n_places;milliseconds;milliseconds_n_at_once;valid_transitions
10;42.9178;42.0806;1
10;52.4237;52.4097;3
10;57.0271;56.4179;2
10;47.0689;46.9562;1
10;65.0017;65.0227;2
10;58.6835;58.5528;3
10;47.6878;58.5819;2
10;61.1345;59.5647;3
10;57.9889;57.9803;4
10;48.9253;49.9658;6
10;108.491;94.4366;2
10;78.1669;74.2425;3
10;53.0649;52.36;2
10;53.3633;53.37;5
10;61.3646;81.6669;5
10;74.9216;74.8345;4
10;54.6525;54.5773;4
10;63.1645;98.7603;1
10;63.9326;62.8951;4
10;56.7367;56.7605;2
10;52.6072;52.6001;2
10;54.1975;54.1434;4
10;44.863;44.7974;1
10;123.585;100.399;5
10;49.2644;49.218;4
10;54.7781;54.7615;3
10;86.2966;117.913;6
10;41.6241;41.6053;3
10;38.6236;38.5485;1
10;61.3911;61.3955;4
10;59.5059;63.8247;6
10;44.1543;44.1089;3
10;53.4475;53.4546;5
10;75.8615;72.4863;3
10;67.7388;67.6173;5
10;103.728;103.476;0
10;88.2361;88.2896;2
10;46.0741;46.0153;5
10;56.7874;56.7085;8
10;49.8005;49.7559;4
10;119.983;121.67;2
10;61.4174;61.3906;3
10;52.0789;52.0708;3
10;157.259;217.548;4
10;44.5081;44.4167;6
10;83.9658;52.1568;0
10;68.8692;68.9629;1
10;46.4742;46.4724;3
10;61.7481;61.7231;4
10;38.3172;38.2547;4
10;34.7541;34.7152;3
10;87.8509;88.1193;3
10;62.7576;62.7587;3
10;50.9598;50.9556;4
10;66.1966;291.571;2
10;65.3198;65.125;2
10;47.4498;47.3953;4
10;58.4259;57.4512;1
10;54.9246;54.9471;5
10;58.224;58.2191;3
10;54.9358;58.6424;6
10;42.5545;42.5227;1
10;53.3647;53.5378;4
10;45.515;45.5179;2
10;53.0787;53.0624;6
10;38.3119;38.2482;4
10;46.4333;46.4315;4
10;69.732;68.943;7
10;69.7059;69.6994;2
10;39.668;39.2829;2
10;48.0889;48.9275;3
10;51.307;51.5632;6
10;106.992;111.457;1
10;69.7311;71.3923;6
10;40.1098;40.065;2
10;144.338;112.653;6
10;62.2019;61.4059;2
10;75.7113;92.518;2
10;50.4082;50.3917;4
10;63.2117;64.1759;4
10;41.4781;41.4188;1
10;85.6245;122.646;0
10;46.5155;46.4819;3
10;549.498;334.238;1
10;59.5296;62.7573;1
10;56.2697;56.2511;3
10;95.1864;94.9302;3
10;69.5173;69.4309;5
10;50.4008;50.3605;3
10;71.7549;71.7544;6
10;43.6832;43.7062;5
10;69.9283;69.9036;4
10;54.2849;54.3154;4
10;53.2924;57.2243;3
10;48.9811;48.9311;3
10;55.9249;55.9328;4
10;40.6671;40.6191;6
10;59.2886;59.3365;1
10;33.9016;37.0325;4
10;46.8475;46.7653;3
11;63.8535;63.8184;2
11;71.3685;96.8767;0
11;76.2404;76.1986;6
11;127.433;97.74;2
11;56.6049;56.6567;1
11;55.544;55.5173;6
11;73.8918;70.5893;6
11;99.4335;77.2331;3
11;63.4302;63.3983;4
11;64.7677;64.7589;5
11;50.5318;50.5372;4
11;48.7269;48.7193;2
11;60.8482;60.8294;5
11;58.8835;58.8513;3
11;71.2377;73.3934;3
11;63.9028;123.376;4
11;98.5095;119.975;1
11;49.7469;49.7063;3
11;66.7184;66.6322;3
11;93.1491;88.6498;7
11;71.1544;71.0818;4
11;62.9201;70.4483;3
11;193.907;197.922;6
11;42.0766;42.0629;2
11;40.4205;40.3899;5
11;202.254;257.194;7
11;59.3138;77.9147;5
11;57.7194;57.7587;3
11;102.796;80.9605;7
11;67.4096;67.3799;5
11;56.7852;56.7056;10
11;77.4852;69.7638;4
11;51.8976;51.869;6
11;118.294;118.022;3
11;48.2445;59.2042;1
11;51.9857;51.9817;7
11;202.008;310.3;3
11;63.4453;63.3689;5
11;50.3999;50.3468;1
11;130.484;130.221;4
11;109.873;110.808;2
11;167.699;168.802;4
11;97.6301;97.5612;4
11;64.9913;64.9464;4
11;61.2752;61.2825;4
11;84.1645;151.405;3
11;55.9411;78.376;2
11;72.5571;72.54;2
11;139.261;125.923;4
11;151.858;209.251;4
11;91.9063;131.839;2
11;74.2691;99.5135;5
11;60.975;61.0155;10
11;71.0517;112.889;2
11;61.6635;61.7293;6
11;65.8247;63.901;4
11;44.6255;44.5736;3
11;63.5272;63.5014;6
11;65.8093;65.5195;5
11;102.852;102.846;2
11;72.8391;72.785;5
11;56.3878;56.3521;3
11;61.9433;61.8885;10
11;54.937;54.8521;1
11;59.2052;59.1818;3
11;42.7151;42.6738;5
11;290.399;388.812;7
11;121.924;80.9499;3
11;64.7033;64.3402;5
11;77.1842;75.9618;2
11;54.37;54.3363;2
11;46.28;46.2584;5
11;155.456;153.066;3
11;45.3214;45.3406;5
11;65.4537;73.4348;3
11;60.7405;60.733;2
11;97.7352;100.159;4
11;52.7575;52.6683;3
11;83.1873;87.7918;4
11;81.7324;81.6959;2
11;53.6471;53.6447;3
11;74.2109;74.1074;4
11;61.8207;62.6104;3
11;55.7411;55.6715;0
11;54.9593;54.8989;0
11;87.3467;133.162;1
11;80.9316;82.3496;1
11;158.86;158.273;1
11;55.6386;55.5653;2
11;158.163;158.004;7
11;53.1316;53.0805;2
11;117.123;70.7872;6
11;63.816;63.7707;4
11;108.575;108.635;4
11;194.687;122.006;2
11;80.9702;81.4315;4
11;44.4757;44.451;2
11;45.9244;45.9138;5
11;79.3163;79.386;5
11;68.7833;70.3252;2
12;47.3046;47.3379;6
12;461.116;229.959;1
12;67.0795;66.9928;10
12;48.6153;48.6331;3
12;85.6144;85.5523;0
12;82.7282;79.3521;5
12;1706.21;361.066;2
12;92.563;91.7635;9
12;204.732;155.521;5
12;93.0862;95.7209;7
12;56.8324;56.2069;6
12;51.3421;51.3172;4
12;62.3879;86.4003;2
12;72.474;76.9069;9
12;61.5743;63.1245;7
12;57.1887;61.3368;5
12;45.7081;45.6797;7
12;61.3256;61.3259;2
12;65.5318;65.4595;3
12;77.0897;76.8759;6
12;56.6588;56.5969;4
12;52.2857;52.2737;4
12;78.6282;62.0999;4
12;52.8058;52.6245;0
12;66.8993;65.8422;4
12;54.552;54.5847;3
12;59.0795;59.1134;4
12;91.6532;91.6684;1
12;72.2154;124.864;4
12;58.8699;61.6836;1
12;51.4889;51.9301;4
12;186.755;173.333;1
12;71.1148;94.254;5
12;64.3022;64.3244;7
12;52.2009;52.4379;2
12;74.6575;73.0073;3
12;86.4599;87.4389;4
12;57.158;57.1065;1
12;60.555;61.6718;3
12;84.7179;82.8573;5
12;53.2815;53.2522;1
12;62.3809;62.417;9
12;78.4975;110.821;5
12;430.119;593.585;5
12;122.079;83.3423;3
12;151.397;134.843;3
12;114.428;103.229;1
12;58.0985;58.9761;7
12;78.9571;78.6349;4
12;55.3353;55.3631;2
12;41.3541;41.2931;1
12;98.2135;86.7593;1
12;235.452;257.284;3
12;62.6286;72.811;0
12;65.3537;63.0624;9
12;63.3237;63.2484;9
12;122.103;201.323;3
12;51.4601;51.4706;6
12;76.6746;76.6378;5
12;57.5864;57.4972;4
12;51.9322;51.8333;5
12;67.4692;67.2825;2
12;57.2076;131.739;2
12;85.9812;87.2204;6
12;59.3933;59.3859;6
12;39.1406;40.8839;0
12;44.9011;44.9033;7
12;82.0981;81.9486;7
12;70.7004;70.5842;4
12;73.0494;73.7309;8
12;84.3569;84.323;3
12;46.7944;70.0661;5
12;52.9089;52.8895;7
12;88.8855;88.9359;4
12;73.224;80.8023;3
12;66.1423;66.0745;8
12;63.1671;63.1957;7
12;71.6133;71.5406;5
12;238.361;273.504;3
12;61.7645;61.7482;1
12;61.5573;61.5395;1
12;85.018;85.7962;2
12;77.195;82.5133;6
12;54.4386;54.4416;5
12;62.0847;62.0797;9
12;82.9466;82.9079;4
12;82.9274;82.9675;1
12;99.9166;159.747;4
12;52.5648;52.56;3
12;88.8491;136.484;1
12;55.6471;55.6665;8
12;33.1348;33.0629;0
12;170.187;155.784;1
12;64.5898;83.7872;0
12;72.8185;72.7344;7
12;103.797;91.3812;3
12;76.0404;71.3528;2
12;51.5165;51.4462;4
12;62.6621;62.6614;4
12;116.992;84.507;3
13;68.7813;74.5195;3
13;166.374;163.828;4
13;61.9414;61.8955;6
13;53.7329;53.7347;6
13;96.9019;96.7199;6
13;60.6243;60.4835;2
13;65.7918;65.8448;5
13;61.4841;61.4224;7
13;78.7394;78.7226;1
13;64.8299;64.8324;7
13;128.001;126.336;3
13;149.333;146.453;4
13;207.257;210.035;5
13;62.0617;61.9018;8
13;157.692;157.762;2
13;114.997;117.171;5
13;132.705;108.871;6
13;74.0358;73.9115;8
13;63.4283;61.6733;6
13;69.0776;69.0525;4
13;64.7241;64.6607;6
13;91.6903;61.1293;3
13;86.7903;87.0466;5
13;55.8297;55.857;6
13;258.834;274.511;6
13;63.3948;65.3716;2
13;53.3916;53.3438;2
13;76.5235;78.2166;5
13;83.0742;83.0596;7
13;94.1398;89.3622;2
13;64.691;64.6376;4
13;78.8282;80.3147;2
13;946.888;957.365;4
13;100.739;100.736;10
13;141.725;142.067;5
13;120.114;330.324;1
13;68.3612;68.3255;5
13;53.7247;54.8714;7
13;53.4955;53.4427;1
13;144.219;263.518;6
13;102.959;116.811;6
13;60.8107;60.7608;2
13;157.874;131.661;3
13;61.1075;61.0256;10
13;78.818;78.5638;1
13;208.742;223.714;4
13;56.845;56.8221;5
13;65.1879;65.167;4
13;53.2077;53.1887;4
13;72.0123;71.9618;2
13;74.1097;76.042;3
13;65.1423;64.6;3
13;718.929;586.959;3
13;104.928;102.169;8
13;439.182;85.0081;8
13;57.6992;57.534;7
13;108.146;185.55;0
13;74.7904;74.8058;6
13;172.066;171.076;2
13;62.6487;62.6574;3
13;51.1821;101.392;1
13;90.2514;90.1131;7
13;79.8386;76.8772;2
13;58.9791;58.9997;2
13;78.6618;78.6547;2
13;65.3451;65.2701;6
13;85.2006;88.2372;4
13;67.2997;162.675;5
13;67.2832;67.2043;5
13;103.376;135.888;4
13;55.8753;55.8079;1
13;52.8342;52.8092;4
13;89.0956;89.0553;3
13;71.5435;71.5558;6
13;174.059;174.241;4
13;54.6635;53.9445;0
13;329.932;328.273;4
13;51.5688;51.4168;4
13;61.5275;61.5467;6
13;50.3085;50.1194;3
13;140.956;148.616;1
13;86.6455;86.6092;4
13;57.273;57.2212;5
13;64.748;64.7772;4
13;74.8417;76.0017;4
13;162.624;261.177;4
13;564.501;129.452;2
13;58.3952;58.339;7
13;68.4809;64.0116;4
13;66.6602;66.5931;1
13;72.4339;95.9519;4
13;92.5756;71.2727;1
13;72.6427;72.5785;3
13;111.678;113.571;5
13;53.4925;53.4209;5
13;62.7282;62.5699;3
13;64.6687;64.5684;1
13;63.7036;63.6318;2
13;50.9596;50.9129;3
13;60.3498;60.2302;7
14;104.259;101.377;6
14;82.9432;82.8555;8
14;454.249;179.5;5
14;111.217;102.278;6
14;74.4048;92.4267;4
14;74.1511;73.5794;7
14;76.4187;76.3599;5
14;100.235;276.358;3
14;84.918;84.974;7
14;66.335;66.5701;8
14;93.0102;93.0646;3
14;55.1838;55.179;5
14;54.3496;54.3049;5
14;76.8537;76.8658;5
14;61.294;61.287;5
14;72.1704;72.1527;8
14;270.62;270.96;5
14;40.1253;40.114;4
14;66.7474;66.7451;8
14;289.792;476.441;1
14;80.0091;79.9949;8
14;64.5204;96.1258;3
14;70.2102;70.1341;8
14;81.9555;78.3707;5
14;64.5629;64.558;5
14;57.4702;55.0268;8
14;130.336;163.719;4
14;65.1274;63.3462;9
14;73.606;92.1466;0
14;405.115;1355.42;3
14;306.657;140.952;2
14;71.8552;71.9194;5
14;96.0957;96.0089;3
14;142.931;143.086;2
14;155.15;127.985;4
14;85.7805;86.7135;10
14;87.4757;86.2588;2
14;51.5914;51.6132;3
14;91.3976;91.0758;3
14;102.361;100.466;4
14;57.8306;57.7366;5
14;127.851;163.174;3
14;62.8169;62.8382;4
14;87.3774;123.203;1
14;123.437;190.242;8
14;341.662;91.8873;3
14;82.0093;92.8613;9
14;74.6596;74.6144;13
14;795.443;582.063;3
14;95.5913;94.5835;7
14;106.159;103.721;6
14;116.941;129.365;5
14;69.7826;69.7644;10
14;86.6993;85.656;8
14;439.872;131.582;4
14;51.924;51.7843;3
14;77.6854;77.6468;10
14;79.2741;62.3026;2
14;118.964;194.057;0
14;76.5677;76.5836;6
14;78.935;78.8918;5
14;57.3067;57.3109;9
14;82.8551;82.8853;4
14;74.5036;75.1679;11
14;55.5099;55.4524;5
14;64.2284;64.1543;2
14;61.4362;79.244;0
14;148.173;148.713;2
14;53.9334;53.8576;5
14;99.3394;75.8161;1
14;86.9146;91.7975;3
14;56.6062;56.6034;3
14;66.3207;66.3266;2
14;87.2425;87.2198;5
14;63.9141;63.9032;7
14;71.5535;71.5358;9
14;134.923;123.634;4
14;60.1971;60.2022;7
14;64.6781;64.7098;4
14;288.101;467.071;5
14;69.7471;66.3484;5
14;218.839;94.1461;0
14;59.3061;59.3292;10
14;348.384;459.325;1
14;69.3103;69.2361;9
14;104.985;166.467;4
14;74.55;89.1084;2
14;53.408;53.3516;1
14;69.0839;69.1383;4
14;87.0974;87.3683;4
14;186.533;172.914;3
14;55.3466;55.2778;5
14;65.6754;65.6656;2
14;49.7809;49.7578;3
14;79.0151;78.9722;7
14;65.592;65.6187;7
14;603.065;849.598;1
14;84.8852;88.6913;2
14;103.174;101.779;5
14;64.2167;64.201;2
15;78.3028;78.1262;8
15;73.6021;73.5226;10
15;81.6243;78.4513;2
15;75.163;73.806;1
15;268.574;193.27;4
15;79.4548;79.297;4
15;61.0179;60.899;8
15;65.4825;63.9241;6
15;63.3324;63.2629;6
15;57.7662;57.7099;3
15;85.7279;86.135;7
15;62.3756;62.2295;1
15;65.1009;67.3238;7
15;69.0414;68.9641;4
15;69.1392;69.0321;6
15;190.115;185.348;4
15;79.8959;79.7955;3
15;109.324;164.86;5
15;369.933;155.116;4
15;127.745;126.283;5
15;137.476;90.4187;3
15;68.3193;68.3516;3
15;67.9865;67.9594;5
15;92.5109;92.558;6
15;69.1899;69.0323;9
15;207.512;1977.71;0
15;78.3334;80.7535;6
15;67.3168;177.731;5
15;51.0727;51.0351;2
15;78.2528;77.6979;3
15;85.0259;84.9227;2
15;226.499;95.1292;13
15;79.4445;192.595;7
15;60.5288;60.4927;5
15;115.968;128.532;5
15;217.443;191.519;2
15;64.0572;64.0186;1
15;83.7592;83.7163;3
15;59.0417;59.0073;11
15;60.1138;60.0879;8
15;136.353;291.702;4
15;91.4008;103.495;4
15;67.163;67.1056;8
15;85.6159;85.4319;11
15;73.7616;73.715;5
15;89.6799;89.5908;5
15;746.746;742.758;3
15;114.22;115.217;5
15;132.084;132.176;7
15;68.5247;68.5171;5
15;71.3978;86.1366;5
15;59.0128;58.9898;6
15;94.8131;94.2761;9
15;66.4168;128.46;6
15;84.3773;84.4014;8
15;55.1971;55.1579;15
15;90.1883;90.1191;4
15;232.093;596.297;7
15;73.4641;73.4165;6
15;89.0887;89.1525;5
15;75.2951;86.4701;5
15;1610.29;349.512;5
15;72.8802;71.3076;7
15;81.6374;80.8619;3
15;119.08;125.238;4
15;847.188;942.18;7
15;899.165;902.903;7
15;82.364;99.4471;4
15;186.446;204.082;3
15;71.6863;71.7224;3
15;60.7164;60.6655;4
15;59.8735;56.6533;2
15;96.5429;136.385;8
15;194.407;130.339;1
15;112.219;112.464;10
15;149.393;149.284;8
15;115.425;105.732;5
15;70.183;159.141;2
15;145.186;282.607;2
15;193.257;193.285;5
15;82.9117;85.549;6
15;75.0063;74.931;7
15;123.758;124.373;7
15;94.3399;152.955;7
15;81.2161;85.3191;5
15;167.346;116.114;8
15;48.889;48.8434;1
15;103.941;74.1921;7
15;65.9848;65.9578;6
15;60.0787;59.9871;6
15;64.9833;65.0082;4
15;57.1204;57.0383;4
15;74.3951;74.2505;6
15;84.2898;83.7714;5
15;1154.85;2313.15;5
15;55.9455;55.7901;3
15;100.773;145.216;8
15;1055.15;2809.45;5
15;110.426;118.145;4
15;51.787;52.1139;6
16;105.972;105.81;9
16;2848.32;136.485;8
16;190.523;190.149;4
16;120.769;129.594;5
16;199.27;90.8663;5
16;80.3873;80.3228;3
16;84.5158;75.1154;3
16;68.2469;93.3292;6
16;78.0496;77.3373;4
16;71.7742;71.648;7
16;94.2512;595.497;10
16;220.459;220.214;4
16;262.318;347.747;9
16;96.3749;96.1977;4
16;166.167;254.55;4
16;247.713;259.726;6
16;137.452;74.562;7
16;207.081;369.052;5
16;127.681;79.7791;2
16;75.5437;447.096;6
16;1115.63;113.38;4
16;125.846;162.149;5
16;101.419;101.315;3
16;75.2777;75.4024;10
16;936.211;323.817;5
16;84.5205;108.872;4
16;538.568;480.33;3
16;76.8542;76.818;8
16;146.033;102.153;7
16;104.732;104.627;6
16;179.634;179.593;2
16;73.594;73.598;6
16;618.932;494.068;1
16;78.9317;75.1672;6
16;70.2854;70.2011;8
16;66.773;66.742;9
16;64.4568;62.6743;5
16;151.385;164.421;3
16;157.047;151.125;4
16;97.8769;96.1962;8
16;313.735;313.446;1
16;472.677;504.928;11
16;278.506;154.028;4
16;102.698;111.728;6
16;197.659;254.967;3
16;186.337;214.039;8
16;80.0879;80.0443;3
16;74.2;68.3758;3
16;133.6;98.3787;11
16;81.4933;83.9155;7
16;74.547;74.458;4
16;92.4179;92.3505;9
16;222.017;1319.8;6
16;117.576;103.396;4
16;82.6377;82.5514;6
16;336.007;362.746;6
16;86.9817;125.678;4
16;78.4059;573.918;6
16;96.4885;93.5246;9
16;96.5607;115.376;7
16;164.46;231.73;0
16;81.3439;184.79;10
16;384.787;323.411;3
16;95.5516;130.095;3
16;61.1983;61.1997;7
16;78.2976;76.041;5
16;68.8951;68.8006;8
16;69.6738;83.8814;5
16;72.6804;72.032;4
16;73.2644;73.4406;4
16;84.7109;85.0251;8
16;85.1783;158.876;5
16;84.1242;104.298;7
16;86.0543;129.077;4
16;68.6566;68.5716;6
16;659.048;768.933;6
16;823.276;240.365;7
16;81.9234;78.281;4
16;48.6431;48.5803;0
16;229.461;232.168;7
16;285.223;529.265;1
16;81.4593;89.8449;4
16;72.8208;72.7631;11
16;1933.79;2424.79;8
16;65.2745;113.615;3
16;138.719;138.522;8
16;77.641;77.5977;3
16;78.0688;781.912;2
16;71.7377;71.6981;12
16;71.796;71.7434;8
16;77.5707;91.0834;2
16;128.874;128.587;7
16;128.007;128.011;7
16;105.059;104.954;6
16;86.2425;86.6241;6
16;1944.37;1970.68;7
16;78.4322;55.6178;1
16;98.7857;98.7543;4
16;65.6002;65.5459;6
16;72.9283;72.9112;2
17;84.821;84.7804;8
17;99.0871;99.0555;7
17;232.395;198.156;7
17;145.682;145.301;10
17;71.2327;71.1891;4
17;77.8396;77.7423;9
17;70.5111;70.5111;6
17;83.17;83.052;6
17;1840.07;2105.1;3
17;1128.96;881.777;2
17;63.8364;63.9629;6
17;71.419;71.331;6
17;117.087;110.644;11
17;233.198;168.205;4
17;94.2773;200.199;12
17;88.1053;87.9819;8
17;855.114;452.927;1
17;144.121;144.109;6
17;109.163;109.778;9
17;77.712;76.7595;11
17;5076.05;2274.13;1
17;257.387;262.334;3
17;89.2038;95.577;6
17;99.9489;123.422;8
17;69.6499;68.7571;3
17;213.38;1154.18;4
17;75.1567;74.9639;6
17;85.3763;85.3479;8
17;965.124;2251.7;3
17;93.4175;96.7634;8
17;83.9604;93.1607;5
17;58.7246;61.2998;13
17;128.215;139.769;10
17;105.847;105.82;10
17;79.7474;153.215;1
17;199.484;444.273;5
17;898.152;562.465;4
17;95.6335;85.9749;4
17;92.5589;104.72;8
17;83.3541;83.3339;8
17;249.181;259.912;3
17;128.584;131.021;4
17;188.452;192.201;8
17;80.081;79.9734;5
17;141.587;206.524;6
17;139.153;141.901;2
17;141.794;142.855;8
17;84.4695;84.392;5
17;93.9902;93.7547;7
17;85.5434;85.44;6
17;70.4971;70.3928;7
17;62.7189;62.6403;3
17;72.8209;72.7125;4
17;73.4462;73.4922;10
17;85.438;193.576;12
17;116.032;154.593;9
17;93.8348;386.111;7
17;86.6445;87.4839;10
17;158.598;158.995;5
17;99.7665;96.2861;3
17;37248.4;16780.3;4
17;1489.98;709.364;4
17;97.2775;80.0352;6
17;79.6049;99.8498;7
17;82.0963;82.0385;5
17;97.3629;113.934;4
17;227.274;309.033;7
17;148.32;143.973;5
17;340.074;264.062;5
17;79.4722;79.517;3
17;84.6573;84.7131;8
17;136.231;167.147;7
17;308.511;170.826;4
17;91.2202;90.857;9
17;2836.51;4458.25;5
17;125.97;138.806;7
17;185.013;185.028;6
17;97.1762;92.2691;4
17;96.7172;687.159;3
17;54.6608;54.573;9
17;239.018;273.993;8
17;81.469;81.444;11
17;525.655;523.424;6
17;85.4789;86.7819;0
17;116.577;115.532;5
17;90.7054;90.6077;7
17;78.5475;78.4977;9
17;456.538;267.374;6
17;71.5552;71.5531;7
17;4892.81;3643.46;7
17;80.4545;80.3817;8
17;81.6437;81.6033;5
17;301.064;173.3;2
17;85.4838;85.2878;7
17;70.611;70.6998;10
17;77.2311;77.1583;5
17;54.379;54.3295;3
17;71.9052;71.8575;4
17;234.059;678.558;11
17;64.004;63.9473;5
18;90.1088;89.2741;10
18;65.0443;64.9595;6
18;71.637;511.486;2
18;131.453;105.579;3
18;87.3123;145.903;9
18;309.457;338.034;5
18;110.026;93.9033;11
18;93.8117;88.234;12
18;68.842;68.8072;5
18;89.8778;88.6211;6
18;79.2628;79.2813;2
18;76.6355;1254.29;6
18;141.399;186.989;7
18;89.9131;89.893;6
18;109.765;109.591;13
18;526.162;81.6205;7
18;128.978;140.477;4
18;83.7637;346.451;9
18;67.3504;67.3643;11
18;73.6252;70.0852;6
18;88.246;91.3693;6
18;88.6441;87.107;7
18;200.134;5286.08;7
18;62.9462;74.3638;8
18;122.461;290.005;10
18;89.0331;94.2775;5
18;93.6023;175.153;3
18;412.333;519.431;4
18;640.233;635.042;12
18;79.957;79.8352;8
18;89.6001;89.6444;7
18;105.546;172.093;7
18;102.577;101.599;5
18;91.6418;96.6453;4
18;77.9106;80.6296;9
18;104.272;126.745;1
18;79.4843;79.3835;3
18;78.4046;78.3511;5
18;93.0918;180.76;4
18;131.673;131.611;6
18;78.3543;78.323;7
18;71.4895;71.4294;10
18;95.274;243.339;7
18;95.4951;95.3366;9
18;87.1549;87.1625;7
18;89.2371;89.1955;12
18;100.395;100.295;8
18;100.266;100.245;5
18;104.035;219.281;5
18;78.3012;170.581;10
18;76.6628;78.1128;7
18;159.187;134.245;4
18;119.053;349.033;7
18;112.195;96.9318;7
18;95.0807;177.285;12
18;225.888;687.265;0
18;73.2474;75.9953;2
18;71.5501;75.9269;5
18;95.0686;95.0172;13
18;135.644;242.733;3
18;86.2652;148.801;4
18;85.1636;85.1645;4
18;98.9815;119.522;6
18;265.958;1695.34;4
18;80.5872;80.489;8
18;63.1569;63.0549;3
18;78.7921;78.675;6
18;80.8757;101.383;2
18;114.479;845.747;11
18;76.1083;89.5865;8
18;607.347;695.48;5
18;69.1354;158.022;6
18;142.216;142.143;11
18;77.2466;77.1981;11
18;141.788;137.082;2
18;666.156;641.297;2
18;129.904;144.839;9
18;84.4116;84.6376;3
18;49.8505;56.8101;4
18;74.9809;80.2755;6
18;511.76;338.842;8
18;81.938;116.695;5
18;73.9109;70.5906;9
18;69.7419;89.0348;5
18;69.8209;69.7393;8
18;76.5714;76.5094;4
18;158.824;105.369;10
18;331.317;209.996;4
18;85.8985;85.8459;7
18;80.4569;81.1152;13
18;1718.73;173.266;4
18;94.7789;94.0964;4
18;106.286;106.23;4
18;98.4371;98.3508;6
18;102.811;98.6853;6
18;130.424;231.373;6
18;68.6021;68.6439;6
18;164.831;154.055;10
18;8448.82;422.582;5
18;167.834;124.829;3
19;124.063;124.061;3
19;179.983;393.212;3
19;232.584;337.524;8
19;103.03;127.048;10
19;76.286;75.3106;4
19;112.097;111.378;7
19;117.464;117.228;8
19;78.4165;78.8598;13
19;89.6083;89.5478;8
19;223.258;172.17;6
19;497.739;168.772;14
19;62.3284;64.543;3
19;83.3967;83.3389;4
19;155.679;155.625;8
19;92.2787;92.1371;7
19;95.8071;347.205;4
19;235.571;233.679;4
19;114.076;113.885;8
19;127.223;146.391;7
19;79.0722;80.4678;7
19;96.2537;96.1829;1
19;147.455;772.463;4
19;82.4464;82.369;7
19;178.309;143.794;11
19;110.518;120.338;4
19;98.7511;98.5093;10
19;113.065;141.593;7
19;88.3943;88.2616;5
19;108.048;92.2412;5
19;140.636;241.274;7
19;90.4275;90.3932;7
19;87.1687;86.8982;1
19;100.532;111.312;8
19;81.4524;81.2682;3
19;105.381;106.386;6
19;285.875;346.857;4
19;101.806;101.761;9
19;2251.05;1234.8;1
19;130.772;147.1;4
19;166.85;171.209;2
19;122.382;129.237;6
19;105.827;105.372;4
19;310.254;231.848;1
19;86.1574;147.514;8
19;71.7452;71.6053;6
19;105.172;105.099;7
19;114.244;110.669;6
19;226.203;260.098;8
19;76.6395;76.5353;3
19;191.607;191.424;9
19;473.551;186.048;4
19;522.971;369.137;10
19;274.135;277.844;6
19;1712.8;155.018;8
19;68.0907;68.0007;6
19;80.8962;86.8575;7
19;100.349;100.196;10
19;82.6024;89.6527;6
19;78.0685;812.591;1
19;78.2199;78.1502;3
19;67.4844;101.503;6
19;4831.24;34856.6;8
19;1102.15;199.442;3
19;71.479;71.4663;7
19;141.198;296.331;1
19;104.761;117.303;4
19;157.735;156.828;2
19;88.9546;78.7873;5
19;101.969;136.484;7
19;183.747;183.47;1
19;89.2046;89.1675;10
19;615.378;565.009;5
19;151.66;160.676;10
19;246.219;252.408;2
19;73.044;72.8906;7
19;80.7321;80.6568;5
19;95.6353;95.4715;5
19;232.255;286.894;4
19;112.384;123.125;1
19;530.109;437.551;1
19;83.5916;82.7117;5
19;65.4248;68.9318;8
19;208.939;656.093;8
19;90.0071;91.124;5
19;105.549;103.33;11
19;116.165;116.046;9
19;92.4682;92.3549;15
19;104.638;94.2687;1
19;236.489;567.402;6
19;141.436;100.553;3
19;101.997;109.463;10
19;89.1295;88.3223;6
19;79.382;78.5525;9
19;115.742;113.219;9
19;83.1685;83.1992;6
19;90.4403;90.3512;8
19;1218.92;1184.9;4
19;92.2131;92.029;8
19;90.0751;585.009;4
19;95.4643;95.433;12
20;127.337;127.217;7
20;94.0748;130.671;9
20;101.928;101.84;6
20;98.678;100.121;8
20;137.221;165.79;10
20;71.1147;179.089;5
20;87.6128;87.6514;6
20;124.623;124.501;5
20;133.024;133.403;6
20;81.6721;81.6299;4
20;189.42;189.64;5
20;86.604;83.7052;4
20;76.1335;75.9906;6
20;103.396;97.4598;8
20;86.1454;86.0524;9
20;236.73;347.877;5
20;95.5622;93.6022;11
20;1107.56;566.465;4
20;92.923;95.0189;7
20;77.3209;76.4751;14
20;4135.28;124.561;8
20;1210.35;2060.74;3
20;816.825;490.395;6
20;92.9339;92.7239;7
20;700.608;734.448;10
20;90.1332;90.1424;7
20;126.351;132.324;5
20;176.205;199.84;4
20;65.44;65.3524;2
20;473.967;371.281;1
20;97.6495;95.098;10
20;338.109;5969.82;8
20;80.9028;85.3863;1
20;148.233;127.561;10
20;113.234;113.246;10
20;138.9;96.0698;3
20;639.097;490.455;9
20;256.037;393.171;3
20;95.8854;95.8906;7
20;90.2712;99.5712;6
20;769.397;1465.6;8
20;86.6028;86.5347;8
20;82.7826;82.5742;15
20;120.242;111.329;3
20;963.425;2042.26;2
20;244.052;244.238;8
20;512.39;1289.02;9
20;85.9772;85.8564;6
20;218.758;105.992;3
20;122.53;521.905;4
20;196.76;305.082;6
20;669.626;721.794;8
20;120.412;142.526;12
20;1158.51;1319.21;6
20;420.599;420.014;5
20;81.9828;81.8922;6
20;102.978;102.919;5
20;93.0025;92.9476;3
20;95.5327;95.7568;9
20;99.7031;99.6906;7
20;162.384;162.114;12
20;149.16;149.155;4
20;88.7937;88.7039;8
20;915.818;637.554;8
20;124.215;198.618;11
20;215.615;537.177;10
20;479.705;1466.11;6
20;173.251;172.956;5
20;494.713;3133.82;1
20;76.5851;76.0722;10
20;6951.64;6202.76;8
20;174.98;200.206;6
20;171.99;166.086;8
20;96.8456;96.7303;2
20;118.715;100.82;8
20;162.085;162.469;10
20;107.08;148.324;5
20;113.116;112.667;4
20;108.076;108.007;11
20;82.1555;81.8555;8
20;111.482;112.342;11
20;116.689;119.473;3
20;82.8912;82.8238;5
20;2337.76;779.066;7
20;292.673;292.45;9
20;99.9427;99.8602;3
20;131.175;137.628;10
20;87.9169;91.4454;7
20;176.227;148.95;9
20;631.464;36634.1;9
20;276.798;1028.38;6
20;68.759;71.2494;5
20;110.945;110.348;5
20;100.773;100.663;11
20;3376.78;345.445;7
20;164.048;1034.89;6
20;6700.01;7814.96;8
20;264.872;262.568;10
20;151.063;276.823;14
20;97.9829;96.3407;4
